{
  "version": 1,
  "author": "Keerthi r v Rajkumar v r",
  "editor": "wokwi",
  "parts": [
    { "type": "wokwi-breadboard", "id": "bb1", "top": -99, "left": -35.6, "attrs": {} },
    { "type": "wokwi-arduino-uno", "id": "uno", "top": 125.4, "left": 258.6, "attrs": {} },
    { "type": "wokwi-hc-sr04", "id": "ultrasonic1", "top": -75.3, "left": -4.1, "attrs": {} }
  ],
  "connections": [
    [ "ultrasonic1:VCC", "bb1:9b.f", "", [ "$bb" ] ],
    [ "ultrasonic1:TRIG", "bb1:10b.f", "", [ "$bb" ] ],
    [ "ultrasonic1:ECHO", "bb1:11b.f", "", [ "$bb" ] ],
    [ "ultrasonic1:GND", "bb1:12b.f", "", [ "$bb" ] ],
    [ "ultrasonic1:ECHO", "uno:11", "green", [ "v0" ] ],
    [ "ultrasonic1:TRIG", "uno:12", "green", [ "v230.4", "h210.8" ] ],
    [ "ultrasonic1:VCC", "uno:5V", "red", [ "v412.8", "h249.6" ] ],
    [ "ultrasonic1:GND", "uno:GND.2", "black", [ "v412.8", "h229.2" ] ],
    [ "bb1:tp.2", "bb1:bp.1", "green", [ "v173.1", "h-10.4" ] ]
  ],
  "dependencies": {}
}